"Data Source","World Development Indicators",

"Last Updated Date","2021-02-17",

"Country Name","Country Code","Indicator Name","Indicator Code","1960","1961","1962","1963","1964","1965","1966","1967","1968","1969","1970","1971","1972","1973","1974","1975","1976","1977","1978","1979","1980","1981","1982","1983","1984","1985","1986","1987","1988","1989","1990","1991","1992","1993","1994","1995","1996","1997","1998","1999","2000","2001","2002","2003","2004","2005","2006","2007","2008","2009","2010","2011","2012","2013","2014","2015","2016","2017","2018","2019","2020",
"Aruba","ABW","Average precipitation in depth (mm per year)","AG.LND.PRCP.MM","","","","","","","","","","","","","","","","","","","","","","","","","","","","","","","","","","","","","","","","","","","","","","","","","","","","","","","","","","","","","",
"Afghanistan","AFG","Average precipitation in depth (mm per year)","AG.LND.PRCP.MM","","","327","","","","","327","","","","","327","","","","","327","","","","","327","","","","","327","","","","","327","","","","","327","","","","","327","","","","","327","","","","","327","","327","","","","","","",
"Angola","AGO","Average precipitation in depth (mm per year)","AG.LND.PRCP.MM","","","1010","","","","","1010","","","","","1010","","","","","1010","","","","","1010","","","","","1010","","","","","1010","","","","","1010","","","","","1010","","","","","1010","","","","","1010","","1010","","","","","","",
"Albania","ALB","Average precipitation in depth (mm per year)","AG.LND.PRCP.MM","","","1485","","","","","1485","","","","","1485","","","","","1485","","","","","1485","","","","","1485","","","","","1485","","","","","1485","","","","","1485","","","","","1485","","","","","1485","","1485","","","","","","",
"Andorra","AND","Average precipitation in depth (mm per year)","AG.LND.PRCP.MM","","","","","","","","","","","","","","","","","","","","","","","","","","","","","","","","","","","","","","","","","","","","","","","","","","","","","","","","","","","","","",
"Arab World","ARB","Average precipitation in depth (mm per year)","AG.LND.PRCP.MM","","","","","","","","","","","","","","","","","","","","","","","","","","","","","","","","","","","","","","","","","","","","","","","","","","","","","","","","","","","","","",
"United Arab Emirates","ARE","Average precipitation in depth (mm per year)","AG.LND.PRCP.MM","","","78","","","","","78","","","","","78","","","","","78","","","","","78","","","","","78","","","","","78","","","","","78","","","","","78","","","","","78","","","","","78","","78","","","","","","",
"Argentina","ARG","Average precipitation in depth (mm per year)","AG.LND.PRCP.MM","","","591","","","","","591","","","","","591","","","","","591","","","","","591","","","","","591","","","","","591","","","","","591","","","","","591","","","","","591","","","","","591","","591","","","","","","",
"Armenia","ARM","Average precipitation in depth (mm per year)","AG.LND.PRCP.MM","","","","","","","","","","","","","","","","","","","","","","","","","","","","","","","","","562","","","","","562","","","","","562","","","","","562","","","","","562","","562","","","","","","",
"American Samoa","ASM","Average precipitation in depth (mm per year)","AG.LND.PRCP.MM","","","","","","","","","","","","","","","","","","","","","","","","","","","","","","","","","","","","","","","","","","","","","","","","","","","","","","","","","","","","","",
"Antigua and Barbuda","ATG","Average precipitation in depth (mm per year)","AG.LND.PRCP.MM","","","1030","","","","","1030","","","","","1030","","","","","1030","","","","","1030","","","","","1030","","","","","1030","","","","","1030","","","","","1030","","","","","1030","","","","","1030","","1030","","","","","","",
"Australia","AUS","Average precipitation in depth (mm per year)","AG.LND.PRCP.MM","","","534","","","","","534","","","","","534","","","","","534","","","","","534","","","","","534","","","","","534","","","","","534","","","","","534","","","","","534","","","","","534","","534","","","","","","",
"Austria","AUT","Average precipitation in depth (mm per year)","AG.LND.PRCP.MM","","","1110","","","","","1110","","","","","1110","","","","","1110","","","","","1110","","","","","1110","","","","","1110","","","","","1110","","","","","1110","","","","","1110","","","","","1110","","1110","","","","","","",
"Azerbaijan","AZE","Average precipitation in depth (mm per year)","AG.LND.PRCP.MM","","","","","","","","","","","","","","","","","","","","","","","","","","","","","","","","","447","","","","","447","","","","","447","","","","","447","","","","","447","","447","","","","","","",
"Burundi","BDI","Average precipitation in depth (mm per year)","AG.LND.PRCP.MM","","","1274","","","","","1274","","","","","1274","","","","","1274","","","","","1274","","","","","1274","","","","","1274","","","","","1274","","","","","1274","","","","","1274","","","","","1274","","1274","","","","","","",
"Belgium","BEL","Average precipitation in depth (mm per year)","AG.LND.PRCP.MM","","","847","","","","","847","","","","","847","","","","","847","","","","","847","","","","","847","","","","","847","","","","","847","","","","","847","","","","","847","","","","","847","","847","","","","","","",
"Benin","BEN","Average precipitation in depth (mm per year)","AG.LND.PRCP.MM","","","1039","","","","","1039","","","","","1039","","","","","1039","","","","","1039","","","","","1039","","","","","1039","","","","","1039","","","","","1039","","","","","1039","","","","","1039","","1039","","","","","","",
"Burkina Faso","BFA","Average precipitation in depth (mm per year)","AG.LND.PRCP.MM","","","748","","","","","748","","","","","748","","","","","748","","","","","748","","","","","748","","","","","748","","","","","748","","","","","748","","","","","748","","","","","748","","748","","","","","","",
"Bangladesh","BGD","Average precipitation in depth (mm per year)","AG.LND.PRCP.MM","","","2666","","","","","2666","","","","","2666","","","","","2666","","","","","2666","","","","","2666","","","","","2666","","","","","2666","","","","","2666","","","","","2666","","","","","2666","","2666","","","","","","",
"Bulgaria","BGR","Average precipitation in depth (mm per year)","AG.LND.PRCP.MM","","","608","","","","","608","","","","","608","","","","","608","","","","","608","","","","","608","","","","","608","","","","","608","","","","","608","","","","","608","","","","","608","","608","","","","","","",
"Bahrain","BHR","Average precipitation in depth (mm per year)","AG.LND.PRCP.MM","","","83","","","","","83","","","","","83","","","","","83","","","","","83","","","","","83","","","","","83","","","","","83","","","","","83","","","","","83","","","","","83","","83","","","","","","",
"Bahamas, The","BHS","Average precipitation in depth (mm per year)","AG.LND.PRCP.MM","","","1292","","","","","1292","","","","","1292","","","","","1292","","","","","1292","","","","","1292","","","","","1292","","","","","1292","","","","","1292","","","","","1292","","","","","1292","","1292","","","","","","",
"Bosnia and Herzegovina","BIH","Average precipitation in depth (mm per year)","AG.LND.PRCP.MM","","","","","","","","","","","","","","","","","","","","","","","","","","","","","","","","","1028","","","","","1028","","","","","1028","","","","","1028","","","","","1028","","1028","","","","","","",
"Belarus","BLR","Average precipitation in depth (mm per year)","AG.LND.PRCP.MM","","","","","","","","","","","","","","","","","","","","","","","","","","","","","","","","","618","","","","","618","","","","","618","","","","","618","","","","","618","","618","","","","","","",
"Belize","BLZ","Average precipitation in depth (mm per year)","AG.LND.PRCP.MM","","","1705","","","","","1705","","","","","1705","","","","","1705","","","","","1705","","","","","1705","","","","","1705","","","","","1705","","","","","1705","","","","","1705","","","","","1705","","1705","","","","","","",
"Bermuda","BMU","Average precipitation in depth (mm per year)","AG.LND.PRCP.MM","","","","","","","","","","","","","","","","","","","","","","","","","","","","","","","","","","","","","","","","","","","","","","","","","","","","","","","","","","","","","",
"Bolivia","BOL","Average precipitation in depth (mm per year)","AG.LND.PRCP.MM","","","1146","","","","","1146","","","","","1146","","","","","1146","","","","","1146","","","","","1146","","","","","1146","","","","","1146","","","","","1146","","","","","1146","","","","","1146","","1146","","","","","","",
"Brazil","BRA","Average precipitation in depth (mm per year)","AG.LND.PRCP.MM","","","1761","","","","","1761","","","","","1761","","","","","1761","","","","","1761","","","","","1761","","","","","1761","","","","","1761","","","","","1761","","","","","1761","","","","","1761","","1761","","","","","","",
"Barbados","BRB","Average precipitation in depth (mm per year)","AG.LND.PRCP.MM","","","1422","","","","","1422","","","","","1422","","","","","1422","","","","","1422","","","","","1422","","","","","1422","","","","","1422","","","","","1422","","","","","1422","","","","","1422","","1422","","","","","","",
"Brunei Darussalam","BRN","Average precipitation in depth (mm per year)","AG.LND.PRCP.MM","","","2722","","","","","2722","","","","","2722","","","","","2722","","","","","2722","","","","","2722","","","","","2722","","","","","2722","","","","","2722","","","","","2722","","","","","2722","","2722","","","","","","",
"Bhutan","BTN","Average precipitation in depth (mm per year)","AG.LND.PRCP.MM","","","2200","","","","","2200","","","","","2200","","","","","2200","","","","","2200","","","","","2200","","","","","2200","","","","","2200","","","","","2200","","","","","2200","","","","","2200","","2200","","","","","","",
"Botswana","BWA","Average precipitation in depth (mm per year)","AG.LND.PRCP.MM","","","416","","","","","416","","","","","416","","","","","416","","","","","416","","","","","416","","","","","416","","","","","416","","","","","416","","","","","416","","","","","416","","416","","","","","","",
"Central African Republic","CAF","Average precipitation in depth (mm per year)","AG.LND.PRCP.MM","","","1343","","","","","1343","","","","","1343","","","","","1343","","","","","1343","","","","","1343","","","","","1343","","","","","1343","","","","","1343","","","","","1343","","","","","1343","","1343","","","","","","",
"Canada","CAN","Average precipitation in depth (mm per year)","AG.LND.PRCP.MM","","","537","","","","","537","","","","","537","","","","","537","","","","","537","","","","","537","","","","","537","","","","","537","","","","","537","","","","","537","","","","","537","","537","","","","","","",
"Central Europe and the Baltics","CEB","Average precipitation in depth (mm per year)","AG.LND.PRCP.MM","","","","","","","","","","","","","","","","","","","","","","","","","","","","","","","","","","","","","","","","","","","","","","","","","","","","","","","","","","","","","",
"Switzerland","CHE","Average precipitation in depth (mm per year)","AG.LND.PRCP.MM","","","1537","","","","","1537","","","","","1537","","","","","1537","","","","","1537","","","","","1537","","","","","1537","","","","","1537","","","","","1537","","","","","1537","","","","","1537","","1537","","","","","","",
"Channel Islands","CHI","Average precipitation in depth (mm per year)","AG.LND.PRCP.MM","","","","","","","","","","","","","","","","","","","","","","","","","","","","","","","","","","","","","","","","","","","","","","","","","","","","","","","","","","","","","",
"Chile","CHL","Average precipitation in depth (mm per year)","AG.LND.PRCP.MM","","","1522","","","","","1522","","","","","1522","","","","","1522","","","","","1522","","","","","1522","","","","","1522","","","","","1522","","","","","1522","","","","","1522","","","","","1522","","1522","","","","","","",
"China","CHN","Average precipitation in depth (mm per year)","AG.LND.PRCP.MM","","","645","","","","","645","","","","","645","","","","","645","","","","","645","","","","","645","","","","","645","","","","","645","","","","","645","","","","","645","","","","","645","","645","","","","","","",
"Cote d'Ivoire","CIV","Average precipitation in depth (mm per year)","AG.LND.PRCP.MM","","","1348","","","","","1348","","","","","1348","","","","","1348","","","","","1348","","","","","1348","","","","","1348","","","","","1348","","","","","1348","","","","","1348","","","","","1348","","1348","","","","","","",
"Cameroon","CMR","Average precipitation in depth (mm per year)","AG.LND.PRCP.MM","","","1604","","","","","1604","","","","","1604","","","","","1604","","","","","1604","","","","","1604","","","","","1604","","","","","1604","","","","","1604","","","","","1604","","","","","1604","","1604","","","","","","",
"Congo, Dem. Rep.","COD","Average precipitation in depth (mm per year)","AG.LND.PRCP.MM","","","1543","","","","","1543","","","","","1543","","","","","1543","","","","","1543","","","","","1543","","","","","1543","","","","","1543","","","","","1543","","","","","1543","","","","","1543","","1543","","","","","","",
"Congo, Rep.","COG","Average precipitation in depth (mm per year)","AG.LND.PRCP.MM","","","1646","","","","","1646","","","","","1646","","","","","1646","","","","","1646","","","","","1646","","","","","1646","","","","","1646","","","","","1646","","","","","1646","","","","","1646","","1646","","","","","","",
"Colombia","COL","Average precipitation in depth (mm per year)","AG.LND.PRCP.MM","","","3240","","","","","3240","","","","","3240","","","","","3240","","","","","3240","","","","","3240","","","","","3240","","","","","3240","","","","","3240","","","","","3240","","","","","3240","","3240","","","","","","",
"Comoros","COM","Average precipitation in depth (mm per year)","AG.LND.PRCP.MM","","","900","","","","","900","","","","","900","","","","","900","","","","","900","","","","","900","","","","","900","","","","","900","","","","","900","","","","","900","","","","","900","","900","","","","","","",
"Cabo Verde","CPV","Average precipitation in depth (mm per year)","AG.LND.PRCP.MM","","","228","","","","","228","","","","","228","","","","","228","","","","","228","","","","","228","","","","","228","","","","","228","","","","","228","","","","","228","","","","","228","","228","","","","","","",
"Costa Rica","CRI","Average precipitation in depth (mm per year)","AG.LND.PRCP.MM","","","2926","","","","","2926","","","","","2926","","","","","2926","","","","","2926","","","","","2926","","","","","2926","","","","","2926","","","","","2926","","","","","2926","","","","","2926","","2926","","","","","","",
"Caribbean small states","CSS","Average precipitation in depth (mm per year)","AG.LND.PRCP.MM","","","","","","","","","","","","","","","","","","","","","","","","","","","","","","","","","","","","","","","","","","","","","","","","","","","","","","","","","","","","","",
"Cuba","CUB","Average precipitation in depth (mm per year)","AG.LND.PRCP.MM","","","1335","","","","","1335","","","","","1335","","","","","1335","","","","","1335","","","","","1335","","","","","1335","","","","","1335","","","","","1335","","","","","1335","","","","","1335","","1335","","","","","","",
"Curacao","CUW","Average precipitation in depth (mm per year)","AG.LND.PRCP.MM","","","","","","","","","","","","","","","","","","","","","","","","","","","","","","","","","","","","","","","","","","","","","","","","","","","","","","","","","","","","","",
"Cayman Islands","CYM","Average precipitation in depth (mm per year)","AG.LND.PRCP.MM","","","","","","","","","","","","","","","","","","","","","","","","","","","","","","","","","","","","","","","","","","","","","","","","","","","","","","","","","","","","","",
"Cyprus","CYP","Average precipitation in depth (mm per year)","AG.LND.PRCP.MM","","","498","","","","","498","","","","","498","","","","","498","","","","","498","","","","","498","","","","","498","","","","","498","","","","","498","","","","","498","","","","","498","","498","","","","","","",
"Czech Republic","CZE","Average precipitation in depth (mm per year)","AG.LND.PRCP.MM","","","","","","","","","","","","","","","","","","","","","","","","","","","","","","","","","","","","","","677","","","","","677","","","","","677","","","","","677","","677","","","","","","",
"Germany","DEU","Average precipitation in depth (mm per year)","AG.LND.PRCP.MM","","","700","","","","","700","","","","","700","","","","","700","","","","","700","","","","","700","","","","","700","","","","","700","","","","","700","","","","","700","","","","","700","","700","","","","","","",
"Djibouti","DJI","Average precipitation in depth (mm per year)","AG.LND.PRCP.MM","","","220","","","","","220","","","","","220","","","","","220","","","","","220","","","","","220","","","","","220","","","","","220","","","","","220","","","","","220","","","","","220","","220","","","","","","",
"Dominica","DMA","Average precipitation in depth (mm per year)","AG.LND.PRCP.MM","","","2083","","","","","2083","","","","","2083","","","","","2083","","","","","2083","","","","","2083","","","","","2083","","","","","2083","","","","","2083","","","","","2083","","","","","2083","","2083","","","","","","",
"Denmark","DNK","Average precipitation in depth (mm per year)","AG.LND.PRCP.MM","","","703","","","","","703","","","","","703","","","","","703","","","","","703","","","","","703","","","","","703","","","","","703","","","","","703","","","","","703","","","","","703","","703","","","","","","",
"Dominican Republic","DOM","Average precipitation in depth (mm per year)","AG.LND.PRCP.MM","","","1410","","","","","1410","","","","","1410","","","","","1410","","","","","1410","","","","","1410","","","","","1410","","","","","1410","","","","","1410","","","","","1410","","","","","1410","","1410","","","","","","",
"Algeria","DZA","Average precipitation in depth (mm per year)","AG.LND.PRCP.MM","","","89","","","","","89","","","","","89","","","","","89","","","","","89","","","","","89","","","","","89","","","","","89","","","","","89","","","","","89","","","","","89","","89","","","","","","",
"East Asia & Pacific (excluding high income)","EAP","Average precipitation in depth (mm per year)","AG.LND.PRCP.MM","","","","","","","","","","","","","","","","","","","","","","","","","","","","","","","","","","","","","","","","","","","","","","","","","","","","","","","","","","","","","",
"Early-demographic dividend","EAR","Average precipitation in depth (mm per year)","AG.LND.PRCP.MM","","","","","","","","","","","","","","","","","","","","","","","","","","","","","","","","","","","","","","","","","","","","","","","","","","","","","","","","","","","","","",
"East Asia & Pacific","EAS","Average precipitation in depth (mm per year)","AG.LND.PRCP.MM","","","","","","","","","","","","","","","","","","","","","","","","","","","","","","","","","","","","","","","","","","","","","","","","","","","","","","","","","","","","","",
"Europe & Central Asia (excluding high income)","ECA","Average precipitation in depth (mm per year)","AG.LND.PRCP.MM","","","","","","","","","","","","","","","","","","","","","","","","","","","","","","","","","","","","","","","","","","","","","","","","","","","","","","","","","","","","","",
"Europe & Central Asia","ECS","Average precipitation in depth (mm per year)","AG.LND.PRCP.MM","","","","","","","","","","","","","","","","","","","","","","","","","","","","","","","","","","","","","","","","","","","","","","","","","","","","","","","","","","","","","",
"Ecuador","ECU","Average precipitation in depth (mm per year)","AG.LND.PRCP.MM","","","2274","","","","","2274","","","","","2274","","","","","2274","","","","","2274","","","","","2274","","","","","2274","","","","","2274","","","","","2274","","","","","2274","","","","","2274","","2274","","","","","","",
"Egypt, Arab Rep.","EGY","Average precipitation in depth (mm per year)","AG.LND.PRCP.MM","","","51","","","","","51","","","","","51","","","","","51","","","","","51","","","","","51","","","","","51","","","","","51","","","","","51","","","","","51","","","","","51","","51","","","","","","",
"Euro area","EMU","Average precipitation in depth (mm per year)","AG.LND.PRCP.MM","","","","","","","","","","","","","","","","","","","","","","","","","","","","","","","","","","","","","","","","","","","","","","","","","","","","","","","","","","","","","",
"Eritrea","ERI","Average precipitation in depth (mm per year)","AG.LND.PRCP.MM","","","","","","","","","","","","","","","","","","","","","","","","","","","","","","","","","","","","","","384","","","","","384","","","","","384","","","","","384","","384","","","","","","",
"Spain","ESP","Average precipitation in depth (mm per year)","AG.LND.PRCP.MM","","","636","","","","","636","","","","","636","","","","","636","","","","","636","","","","","636","","","","","636","","","","","636","","","","","636","","","","","636","","","","","636","","636","","","","","","",
"Estonia","EST","Average precipitation in depth (mm per year)","AG.LND.PRCP.MM","","","","","","","","","","","","","","","","","","","","","","","","","","","","","","","","","626","","","","","626","","","","","626","","","","","626","","","","","626","","626","","","","","","",
"Ethiopia","ETH","Average precipitation in depth (mm per year)","AG.LND.PRCP.MM","","","","","","","","","","","","","","","","","","","","","","","","","","","","","","","","","","","","","","848","","","","","848","","","","","848","","","","","848","","848","","","","","","",
"European Union","EUU","Average precipitation in depth (mm per year)","AG.LND.PRCP.MM","","","","","","","","","","","","","","","","","","","","","","","","","","","","","","","","","","","","","","","","","","","","","","","","","","","","","","","","","","","","","",
"Fragile and conflict affected situations","FCS","Average precipitation in depth (mm per year)","AG.LND.PRCP.MM","","","","","","","","","","","","","","","","","","","","","","","","","","","","","","","","","","","","","","","","","","","","","","","","","","","","","","","","","","","","","",
"Finland","FIN","Average precipitation in depth (mm per year)","AG.LND.PRCP.MM","","","536","","","","","536","","","","","536","","","","","536","","","","","536","","","","","536","","","","","536","","","","","536","","","","","536","","","","","536","","","","","536","","536","","","","","","",
"Fiji","FJI","Average precipitation in depth (mm per year)","AG.LND.PRCP.MM","","","2592","","","","","2592","","","","","2592","","","","","2592","","","","","2592","","","","","2592","","","","","2592","","","","","2592","","","","","2592","","","","","2592","","","","","2592","","2592","","","","","","",
"France","FRA","Average precipitation in depth (mm per year)","AG.LND.PRCP.MM","","","867","","","","","867","","","","","867","","","","","867","","","","","867","","","","","867","","","","","867","","","","","867","","","","","867","","","","","867","","","","","867","","867","","","","","","",
"Faroe Islands","FRO","Average precipitation in depth (mm per year)","AG.LND.PRCP.MM","","","","","","","","","","","","","","","","","","","","","","","","","","","","","","","","","","","","","","","","","","","","","","","","","","","","","","","","","","","","","",
"Micronesia, Fed. Sts.","FSM","Average precipitation in depth (mm per year)","AG.LND.PRCP.MM","","","","","","","","","","","","","","","","","","","","","","","","","","","","","","","","","758","","","","","758","","","","","758","","","","","758","","","","","758","","","","","","","","",
"Gabon","GAB","Average precipitation in depth (mm per year)","AG.LND.PRCP.MM","","","1831","","","","","1831","","","","","1831","","","","","1831","","","","","1831","","","","","1831","","","","","1831","","","","","1831","","","","","1831","","","","","1831","","","","","1831","","1831","","","","","","",
"United Kingdom","GBR","Average precipitation in depth (mm per year)","AG.LND.PRCP.MM","","","1220","","","","","1220","","","","","1220","","","","","1220","","","","","1220","","","","","1220","","","","","1220","","","","","1220","","","","","1220","","","","","1220","","","","","1220","","1220","","","","","","",
"Georgia","GEO","Average precipitation in depth (mm per year)","AG.LND.PRCP.MM","","","","","","","","","","","","","","","","","","","","","","","","","","","","","","","","","1026","","","","","1026","","","","","1026","","","","","1026","","","","","1026","","1026","","","","","","",
"Ghana","GHA","Average precipitation in depth (mm per year)","AG.LND.PRCP.MM","","","1187","","","","","1187","","","","","1187","","","","","1187","","","","","1187","","","","","1187","","","","","1187","","","","","1187","","","","","1187","","","","","1187","","","","","1187","","1187","","","","","","",
"Gibraltar","GIB","Average precipitation in depth (mm per year)","AG.LND.PRCP.MM","","","","","","","","","","","","","","","","","","","","","","","","","","","","","","","","","","","","","","","","","","","","","","","","","","","","","","","","","","","","","",
"Guinea","GIN","Average precipitation in depth (mm per year)","AG.LND.PRCP.MM","","","1651","","","","","1651","","","","","1651","","","","","1651","","","","","1651","","","","","1651","","","","","1651","","","","","1651","","","","","1651","","","","","1651","","","","","1651","","1651","","","","","","",
"Gambia, The","GMB","Average precipitation in depth (mm per year)","AG.LND.PRCP.MM","","","836","","","","","836","","","","","836","","","","","836","","","","","836","","","","","836","","","","","836","","","","","836","","","","","836","","","","","836","","","","","836","","836","","","","","","",
"Guinea-Bissau","GNB","Average precipitation in depth (mm per year)","AG.LND.PRCP.MM","","","1577","","","","","1577","","","","","1577","","","","","1577","","","","","1577","","","","","1577","","","","","1577","","","","","1577","","","","","1577","","","","","1577","","","","","1577","","1577","","","","","","",
"Equatorial Guinea","GNQ","Average precipitation in depth (mm per year)","AG.LND.PRCP.MM","","","2156","","","","","2156","","","","","2156","","","","","2156","","","","","2156","","","","","2156","","","","","2156","","","","","2156","","","","","2156","","","","","2156","","","","","2156","","2156","","","","","","",
"Greece","GRC","Average precipitation in depth (mm per year)","AG.LND.PRCP.MM","","","652","","","","","652","","","","","652","","","","","652","","","","","652","","","","","652","","","","","652","","","","","652","","","","","652","","","","","652","","","","","652","","652","","","","","","",
"Grenada","GRD","Average precipitation in depth (mm per year)","AG.LND.PRCP.MM","","","2350","","","","","2350","","","","","2350","","","","","2350","","","","","2350","","","","","2350","","","","","2350","","","","","2350","","","","","2350","","","","","2350","","","","","2350","","2350","","","","","","",
"Greenland","GRL","Average precipitation in depth (mm per year)","AG.LND.PRCP.MM","","","","","","","","","","","","","","","","","","","","","","","","","","","","","","","","","","","","","","","","","","","","","","","","","","","","","","","","","","","","","",
"Guatemala","GTM","Average precipitation in depth (mm per year)","AG.LND.PRCP.MM","","","1996","","","","","1996","","","","","1996","","","","","1996","","","","","1996","","","","","1996","","","","","1996","","","","","1996","","","","","1996","","","","","1996","","","","","1996","","1996","","","","","","",
"Guam","GUM","Average precipitation in depth (mm per year)","AG.LND.PRCP.MM","","","","","","","","","","","","","","","","","","","","","","","","","","","","","","","","","","","","","","","","","","","","","","","","","","","","","","","","","","","","","",
"Guyana","GUY","Average precipitation in depth (mm per year)","AG.LND.PRCP.MM","","","2387","","","","","2387","","","","","2387","","","","","2387","","","","","2387","","","","","2387","","","","","2387","","","","","2387","","","","","2387","","","","","2387","","","","","2387","","2387","","","","","","",
"High income","HIC","Average precipitation in depth (mm per year)","AG.LND.PRCP.MM","","","","","","","","","","","","","","","","","","","","","","","","","","","","","","","","","","","","","","","","","","","","","","","","","","","","","","","","","","","","","",
"Hong Kong SAR, China","HKG","Average precipitation in depth (mm per year)","AG.LND.PRCP.MM","","","","","","","","","","","","","","","","","","","","","","","","","","","","","","","","","","","","","","","","","","","","","","","","","","","","","","","","","","","","","",
"Honduras","HND","Average precipitation in depth (mm per year)","AG.LND.PRCP.MM","","","1976","","","","","1976","","","","","1976","","","","","1976","","","","","1976","","","","","1976","","","","","1976","","","","","1976","","","","","1976","","","","","1976","","","","","1976","","1976","","","","","","",
"Heavily indebted poor countries (HIPC)","HPC","Average precipitation in depth (mm per year)","AG.LND.PRCP.MM","","","","","","","","","","","","","","","","","","","","","","","","","","","","","","","","","","","","","","","","","","","","","","","","","","","","","","","","","","","","","",
"Croatia","HRV","Average precipitation in depth (mm per year)","AG.LND.PRCP.MM","","","","","","","","","","","","","","","","","","","","","","","","","","","","","","","","","1113","","","","","1113","","","","","1113","","","","","1113","","","","","1113","","1113","","","","","","",
"Haiti","HTI","Average precipitation in depth (mm per year)","AG.LND.PRCP.MM","","","1440","","","","","1440","","","","","1440","","","","","1440","","","","","1440","","","","","1440","","","","","1440","","","","","1440","","","","","1440","","","","","1440","","","","","1440","","1440","","","","","","",
"Hungary","HUN","Average precipitation in depth (mm per year)","AG.LND.PRCP.MM","","","589","","","","","589","","","","","589","","","","","589","","","","","589","","","","","589","","","","","589","","","","","589","","","","","589","","","","","589","","","","","589","","589","","","","","","",
"IBRD only","IBD","Average precipitation in depth (mm per year)","AG.LND.PRCP.MM","","","","","","","","","","","","","","","","","","","","","","","","","","","","","","","","","","","","","","","","","","","","","","","","","","","","","","","","","","","","","",
"IDA & IBRD total","IBT","Average precipitation in depth (mm per year)","AG.LND.PRCP.MM","","","","","","","","","","","","","","","","","","","","","","","","","","","","","","","","","","","","","","","","","","","","","","","","","","","","","","","","","","","","","",
"IDA total","IDA","Average precipitation in depth (mm per year)","AG.LND.PRCP.MM","","","","","","","","","","","","","","","","","","","","","","","","","","","","","","","","","","","","","","","","","","","","","","","","","","","","","","","","","","","","","",
"IDA blend","IDB","Average precipitation in depth (mm per year)","AG.LND.PRCP.MM","","","","","","","","","","","","","","","","","","","","","","","","","","","","","","","","","","","","","","","","","","","","","","","","","","","","","","","","","","","","","",
"Indonesia","IDN","Average precipitation in depth (mm per year)","AG.LND.PRCP.MM","","","2702","","","","","2702","","","","","2702","","","","","2702","","","","","2702","","","","","2702","","","","","2702","","","","","2702","","","","","2702","","","","","2702","","","","","2702","","2702","","","","","","",
"IDA only","IDX","Average precipitation in depth (mm per year)","AG.LND.PRCP.MM","","","","","","","","","","","","","","","","","","","","","","","","","","","","","","","","","","","","","","","","","","","","","","","","","","","","","","","","","","","","","",
"Isle of Man","IMN","Average precipitation in depth (mm per year)","AG.LND.PRCP.MM","","","","","","","","","","","","","","","","","","","","","","","","","","","","","","","","","","","","","","","","","","","","","","","","","","","","","","","","","","","","","",
"India","IND","Average precipitation in depth (mm per year)","AG.LND.PRCP.MM","","","1083","","","","","1083","","","","","1083","","","","","1083","","","","","1083","","","","","1083","","","","","1083","","","","","1083","","","","","1083","","","","","1083","","","","","1083","","1083","","","","","","",
"Not classified","INX","Average precipitation in depth (mm per year)","AG.LND.PRCP.MM","","","","","","","","","","","","","","","","","","","","","","","","","","","","","","","","","","","","","","","","","","","","","","","","","","","","","","","","","","","","","",
"Ireland","IRL","Average precipitation in depth (mm per year)","AG.LND.PRCP.MM","","","1118","","","","","1118","","","","","1118","","","","","1118","","","","","1118","","","","","1118","","","","","1118","","","","","1118","","","","","1118","","","","","1118","","","","","1118","","1118","","","","","","",
"Iran, Islamic Rep.","IRN","Average precipitation in depth (mm per year)","AG.LND.PRCP.MM","","","228","","","","","228","","","","","228","","","","","228","","","","","228","","","","","228","","","","","228","","","","","228","","","","","228","","","","","228","","","","","228","","228","","","","","","",
"Iraq","IRQ","Average precipitation in depth (mm per year)","AG.LND.PRCP.MM","","","216","","","","","216","","","","","216","","","","","216","","","","","216","","","","","216","","","","","216","","","","","216","","","","","216","","","","","216","","","","","216","","216","","","","","","",
"Iceland","ISL","Average precipitation in depth (mm per year)","AG.LND.PRCP.MM","","","1940","","","","","1940","","","","","1940","","","","","1940","","","","","1940","","","","","1940","","","","","1940","","","","","1940","","","","","1940","","","","","1940","","","","","1940","","1940","","","","","","",
"Israel","ISR","Average precipitation in depth (mm per year)","AG.LND.PRCP.MM","","","435","","","","","435","","","","","435","","","","","435","","","","","435","","","","","435","","","","","435","","","","","435","","","","","435","","","","","435","","","","","435","","435","","","","","","",
"Italy","ITA","Average precipitation in depth (mm per year)","AG.LND.PRCP.MM","","","832","","","","","832","","","","","832","","","","","832","","","","","832","","","","","832","","","","","832","","","","","832","","","","","832","","","","","832","","","","","832","","832","","","","","","",
"Jamaica","JAM","Average precipitation in depth (mm per year)","AG.LND.PRCP.MM","","","2051","","","","","2051","","","","","2051","","","","","2051","","","","","2051","","","","","2051","","","","","2051","","","","","2051","","","","","2051","","","","","2051","","","","","2051","","2051","","","","","","",
"Jordan","JOR","Average precipitation in depth (mm per year)","AG.LND.PRCP.MM","","","111","","","","","111","","","","","111","","","","","111","","","","","111","","","","","111","","","","","111","","","","","111","","","","","111","","","","","111","","","","","111","","111","","","","","","",
"Japan","JPN","Average precipitation in depth (mm per year)","AG.LND.PRCP.MM","","","1668","","","","","1668","","","","","1668","","","","","1668","","","","","1668","","","","","1668","","","","","1668","","","","","1668","","","","","1668","","","","","1668","","","","","1668","","1668","","","","","","",
"Kazakhstan","KAZ","Average precipitation in depth (mm per year)","AG.LND.PRCP.MM","","","","","","","","","","","","","","","","","","","","","","","","","","","","","","","","","250","","","","","250","","","","","250","","","","","250","","","","","250","","250","","","","","","",
"Kenya","KEN","Average precipitation in depth (mm per year)","AG.LND.PRCP.MM","","","630","","","","","630","","","","","630","","","","","630","","","","","630","","","","","630","","","","","630","","","","","630","","","","","630","","","","","630","","","","","630","","630","","","","","","",
"Kyrgyz Republic","KGZ","Average precipitation in depth (mm per year)","AG.LND.PRCP.MM","","","","","","","","","","","","","","","","","","","","","","","","","","","","","","","","","533","","","","","533","","","","","533","","","","","533","","","","","533","","533","","","","","","",
"Cambodia","KHM","Average precipitation in depth (mm per year)","AG.LND.PRCP.MM","","","1904","","","","","1904","","","","","1904","","","","","1904","","","","","1904","","","","","1904","","","","","1904","","","","","1904","","","","","1904","","","","","1904","","","","","1904","","1904","","","","","","",
"Kiribati","KIR","Average precipitation in depth (mm per year)","AG.LND.PRCP.MM","","","","","","","","","","","","","","","","","","","","","","","","","","","","","","","","","630","","","","","630","","","","","630","","","","","630","","","","","630","","","","","","","","",
"St. Kitts and Nevis","KNA","Average precipitation in depth (mm per year)","AG.LND.PRCP.MM","","","1427","","","","","1427","","","","","1427","","","","","1427","","","","","1427","","","","","1427","","","","","1427","","","","","1427","","","","","1427","","","","","1427","","","","","1427","","1427","","","","","","",
"Korea, Rep.","KOR","Average precipitation in depth (mm per year)","AG.LND.PRCP.MM","","","1274","","","","","1274","","","","","1274","","","","","1274","","","","","1274","","","","","1274","","","","","1274","","","","","1274","","","","","1274","","","","","1274","","","","","1274","","1274","","","","","","",
"Kuwait","KWT","Average precipitation in depth (mm per year)","AG.LND.PRCP.MM","","","121","","","","","121","","","","","121","","","","","121","","","","","121","","","","","121","","","","","121","","","","","121","","","","","121","","","","","121","","","","","121","","121","","","","","","",
"Latin America & Caribbean (excluding high income)","LAC","Average precipitation in depth (mm per year)","AG.LND.PRCP.MM","","","","","","","","","","","","","","","","","","","","","","","","","","","","","","","","","","","","","","","","","","","","","","","","","","","","","","","","","","","","","",
"Lao PDR","LAO","Average precipitation in depth (mm per year)","AG.LND.PRCP.MM","","","1834","","","","","1834","","","","","1834","","","","","1834","","","","","1834","","","","","1834","","","","","1834","","","","","1834","","","","","1834","","","","","1834","","","","","1834","","1834","","","","","","",
"Lebanon","LBN","Average precipitation in depth (mm per year)","AG.LND.PRCP.MM","","","661","","","","","661","","","","","661","","","","","661","","","","","661","","","","","661","","","","","661","","","","","661","","","","","661","","","","","661","","","","","661","","661","","","","","","",
"Liberia","LBR","Average precipitation in depth (mm per year)","AG.LND.PRCP.MM","","","2391","","","","","2391","","","","","2391","","","","","2391","","","","","2391","","","","","2391","","","","","2391","","","","","2391","","","","","2391","","","","","2391","","","","","2391","","2391","","","","","","",
"Libya","LBY","Average precipitation in depth (mm per year)","AG.LND.PRCP.MM","","","56","","","","","56","","","","","56","","","","","56","","","","","56","","","","","56","","","","","56","","","","","56","","","","","56","","","","","56","","","","","56","","56","","","","","","",
"St. Lucia","LCA","Average precipitation in depth (mm per year)","AG.LND.PRCP.MM","","","2301","","","","","2301","","","","","2301","","","","","2301","","","","","2301","","","","","2301","","","","","2301","","","","","2301","","","","","2301","","","","","2301","","","","","2301","","2301","","","","","","",
"Latin America & Caribbean","LCN","Average precipitation in depth (mm per year)","AG.LND.PRCP.MM","","","","","","","","","","","","","","","","","","","","","","","","","","","","","","","","","","","","","","","","","","","","","","","","","","","","","","","","","","","","","",
"Least developed countries: UN classification","LDC","Average precipitation in depth (mm per year)","AG.LND.PRCP.MM","","","","","","","","","","","","","","","","","","","","","","","","","","","","","","","","","","","","","","","","","","","","","","","","","","","","","","","","","","","","","",
"Low income","LIC","Average precipitation in depth (mm per year)","AG.LND.PRCP.MM","","","","","","","","","","","","","","","","","","","","","","","","","","","","","","","","","","","","","","","","","","","","","","","","","","","","","","","","","","","","","",
"Liechtenstein","LIE","Average precipitation in depth (mm per year)","AG.LND.PRCP.MM","","","","","","","","","","","","","","","","","","","","","","","","","","","","","","","","","56","","","","","56","","","","","56","","","","","56","","","","","56","","","","","","","","",
"Sri Lanka","LKA","Average precipitation in depth (mm per year)","AG.LND.PRCP.MM","","","1712","","","","","1712","","","","","1712","","","","","1712","","","","","1712","","","","","1712","","","","","1712","","","","","1712","","","","","1712","","","","","1712","","","","","1712","","1712","","","","","","",
"Lower middle income","LMC","Average precipitation in depth (mm per year)","AG.LND.PRCP.MM","","","","","","","","","","","","","","","","","","","","","","","","","","","","","","","","","","","","","","","","","","","","","","","","","","","","","","","","","","","","","",
"Low & middle income","LMY","Average precipitation in depth (mm per year)","AG.LND.PRCP.MM","","","","","","","","","","","","","","","","","","","","","","","","","","","","","","","","","","","","","","","","","","","","","","","","","","","","","","","","","","","","","",
"Lesotho","LSO","Average precipitation in depth (mm per year)","AG.LND.PRCP.MM","","","788","","","","","788","","","","","788","","","","","788","","","","","788","","","","","788","","","","","788","","","","","788","","","","","788","","","","","788","","","","","788","","788","","","","","","",
"Late-demographic dividend","LTE","Average precipitation in depth (mm per year)","AG.LND.PRCP.MM","","","","","","","","","","","","","","","","","","","","","","","","","","","","","","","","","","","","","","","","","","","","","","","","","","","","","","","","","","","","","",
"Lithuania","LTU","Average precipitation in depth (mm per year)","AG.LND.PRCP.MM","","","","","","","","","","","","","","","","","","","","","","","","","","","","","","","","","656","","","","","656","","","","","656","","","","","656","","","","","656","","656","","","","","","",
"Luxembourg","LUX","Average precipitation in depth (mm per year)","AG.LND.PRCP.MM","","","934","","","","","934","","","","","934","","","","","934","","","","","934","","","","","934","","","","","934","","","","","934","","","","","934","","","","","934","","","","","934","","934","","","","","","",
"Latvia","LVA","Average precipitation in depth (mm per year)","AG.LND.PRCP.MM","","","","","","","","","","","","","","","","","","","","","","","","","","","","","","","","","641","","","","","641","","","","","641","","","","","641","","","","","641","","641","","","","","","",
"Macao SAR, China","MAC","Average precipitation in depth (mm per year)","AG.LND.PRCP.MM","","","","","","","","","","","","","","","","","","","","","","","","","","","","","","","","","","","","","","","","","","","","","","","","","","","","","","","","","","","","","",
"St. Martin (French part)","MAF","Average precipitation in depth (mm per year)","AG.LND.PRCP.MM","","","","","","","","","","","","","","","","","","","","","","","","","","","","","","","","","","","","","","","","","","","","","","","","","","","","","","","","","","","","","",
"Morocco","MAR","Average precipitation in depth (mm per year)","AG.LND.PRCP.MM","","","346","","","","","346","","","","","346","","","","","346","","","","","346","","","","","346","","","","","346","","","","","346","","","","","346","","","","","346","","","","","346","","346","","","","","","",
"Monaco","MCO","Average precipitation in depth (mm per year)","AG.LND.PRCP.MM","","","","","","","","","","","","","","","","","","","","","","","","","","","","","","","","","","","","","","","","","","","","","","","","","","","","","","","","","","","","","",
"Moldova","MDA","Average precipitation in depth (mm per year)","AG.LND.PRCP.MM","","","","","","","","","","","","","","","","","","","","","","","","","","","","","","","","","450","","","","","450","","","","","450","","","","","450","","","","","450","","450","","","","","","",
"Madagascar","MDG","Average precipitation in depth (mm per year)","AG.LND.PRCP.MM","","","1513","","","","","1513","","","","","1513","","","","","1513","","","","","1513","","","","","1513","","","","","1513","","","","","1513","","","","","1513","","","","","1513","","","","","1513","","1513","","","","","","",
"Maldives","MDV","Average precipitation in depth (mm per year)","AG.LND.PRCP.MM","","","1972","","","","","1972","","","","","1972","","","","","1972","","","","","1972","","","","","1972","","","","","1972","","","","","1972","","","","","1972","","","","","1972","","","","","1972","","1972","","","","","","",
"Middle East & North Africa","MEA","Average precipitation in depth (mm per year)","AG.LND.PRCP.MM","","","","","","","","","","","","","","","","","","","","","","","","","","","","","","","","","","","","","","","","","","","","","","","","","","","","","","","","","","","","","",
"Mexico","MEX","Average precipitation in depth (mm per year)","AG.LND.PRCP.MM","","","758","","","","","758","","","","","758","","","","","758","","","","","758","","","","","758","","","","","758","","","","","758","","","","","758","","","","","758","","","","","758","","758","","","","","","",
"Marshall Islands","MHL","Average precipitation in depth (mm per year)","AG.LND.PRCP.MM","","","","","","","","","","","","","","","","","","","","","","","","","","","","","","","","","560","","","","","560","","","","","560","","","","","560","","","","","560","","","","","","","","",
"Middle income","MIC","Average precipitation in depth (mm per year)","AG.LND.PRCP.MM","","","","","","","","","","","","","","","","","","","","","","","","","","","","","","","","","","","","","","","","","","","","","","","","","","","","","","","","","","","","","",
"North Macedonia","MKD","Average precipitation in depth (mm per year)","AG.LND.PRCP.MM","","","","","","","","","","","","","","","","","","","","","","","","","","","","","","","","","619","","","","","619","","","","","619","","","","","619","","","","","619","","619","","","","","","",
"Mali","MLI","Average precipitation in depth (mm per year)","AG.LND.PRCP.MM","","","282","","","","","282","","","","","282","","","","","282","","","","","282","","","","","282","","","","","282","","","","","282","","","","","282","","","","","282","","","","","282","","282","","","","","","",
"Malta","MLT","Average precipitation in depth (mm per year)","AG.LND.PRCP.MM","","","560","","","","","560","","","","","560","","","","","560","","","","","560","","","","","560","","","","","560","","","","","560","","","","","560","","","","","560","","","","","560","","560","","","","","","",
"Myanmar","MMR","Average precipitation in depth (mm per year)","AG.LND.PRCP.MM","","","2091","","","","","2091","","","","","2091","","","","","2091","","","","","2091","","","","","2091","","","","","2091","","","","","2091","","","","","2091","","","","","2091","","","","","2091","","2091","","","","","","",
"Middle East & North Africa (excluding high income)","MNA","Average precipitation in depth (mm per year)","AG.LND.PRCP.MM","","","","","","","","","","","","","","","","","","","","","","","","","","","","","","","","","","","","","","","","","","","","","","","","","","","","","","","","","","","","","",
"Montenegro","MNE","Average precipitation in depth (mm per year)","AG.LND.PRCP.MM","","","","","","","","","","","","","","","","","","","","","","","","","","","","","","","","","241","","","","","241","","","","","241","","","","","241","","","","","241","","","","","","","","",
"Mongolia","MNG","Average precipitation in depth (mm per year)","AG.LND.PRCP.MM","","","241","","","","","241","","","","","241","","","","","241","","","","","241","","","","","241","","","","","241","","","","","241","","","","","241","","","","","241","","","","","241","","241","","","","","","",
"Northern Mariana Islands","MNP","Average precipitation in depth (mm per year)","AG.LND.PRCP.MM","","","","","","","","","","","","","","","","","","","","","","","","","","","","","","","","","","","","","","","","","","","","","","","","","","","","","","","","","","","","","",
"Mozambique","MOZ","Average precipitation in depth (mm per year)","AG.LND.PRCP.MM","","","1032","","","","","1032","","","","","1032","","","","","1032","","","","","1032","","","","","1032","","","","","1032","","","","","1032","","","","","1032","","","","","1032","","","","","1032","","1032","","","","","","",
"Mauritania","MRT","Average precipitation in depth (mm per year)","AG.LND.PRCP.MM","","","92","","","","","92","","","","","92","","","","","92","","","","","92","","","","","92","","","","","92","","","","","92","","","","","92","","","","","92","","","","","92","","92","","","","","","",
"Mauritius","MUS","Average precipitation in depth (mm per year)","AG.LND.PRCP.MM","","","2041","","","","","2041","","","","","2041","","","","","2041","","","","","2041","","","","","2041","","","","","2041","","","","","2041","","","","","2041","","","","","2041","","","","","2041","","2041","","","","","","",
"Malawi","MWI","Average precipitation in depth (mm per year)","AG.LND.PRCP.MM","","","1181","","","","","1181","","","","","1181","","","","","1181","","","","","1181","","","","","1181","","","","","1181","","","","","1181","","","","","1181","","","","","1181","","","","","1181","","1181","","","","","","",
"Malaysia","MYS","Average precipitation in depth (mm per year)","AG.LND.PRCP.MM","","","2875","","","","","2875","","","","","2875","","","","","2875","","","","","2875","","","","","2875","","","","","2875","","","","","2875","","","","","2875","","","","","2875","","","","","2875","","2875","","","","","","",
"North America","NAC","Average precipitation in depth (mm per year)","AG.LND.PRCP.MM","","","","","","","","","","","","","","","","","","","","","","","","","","","","","","","","","","","","","","","","","","","","","","","","","","","","","","","","","","","","","",
"Namibia","NAM","Average precipitation in depth (mm per year)","AG.LND.PRCP.MM","","","285","","","","","285","","","","","285","","","","","285","","","","","285","","","","","285","","","","","285","","","","","285","","","","","285","","","","","285","","","","","285","","285","","","","","","",
"New Caledonia","NCL","Average precipitation in depth (mm per year)","AG.LND.PRCP.MM","","","","","","","","","","","","","","","","","","","","","","","","","","","","","","","","","","","","","","","","","","","","","","","","","","","","","","","","","","","","","",
"Niger","NER","Average precipitation in depth (mm per year)","AG.LND.PRCP.MM","","","151","","","","","151","","","","","151","","","","","151","","","","","151","","","","","151","","","","","151","","","","","151","","","","","151","","","","","151","","","","","151","","151","","","","","","",
"Nigeria","NGA","Average precipitation in depth (mm per year)","AG.LND.PRCP.MM","","","1150","","","","","1150","","","","","1150","","","","","1150","","","","","1150","","","","","1150","","","","","1150","","","","","1150","","","","","1150","","","","","1150","","","","","1150","","1150","","","","","","",
"Nicaragua","NIC","Average precipitation in depth (mm per year)","AG.LND.PRCP.MM","","","2280","","","","","2280","","","","","2280","","","","","2280","","","","","2280","","","","","2280","","","","","2280","","","","","2280","","","","","2280","","","","","2280","","","","","2280","","2280","","","","","","",
"Netherlands","NLD","Average precipitation in depth (mm per year)","AG.LND.PRCP.MM","","","778","","","","","778","","","","","778","","","","","778","","","","","778","","","","","778","","","","","778","","","","","778","","","","","778","","","","","778","","","","","778","","778","","","","","","",
"Norway","NOR","Average precipitation in depth (mm per year)","AG.LND.PRCP.MM","","","1414","","","","","1414","","","","","1414","","","","","1414","","","","","1414","","","","","1414","","","","","1414","","","","","1414","","","","","1414","","","","","1414","","","","","1414","","1414","","","","","","",
"Nepal","NPL","Average precipitation in depth (mm per year)","AG.LND.PRCP.MM","","","1500","","","","","1500","","","","","1500","","","","","1500","","","","","1500","","","","","1500","","","","","1500","","","","","1500","","","","","1500","","","","","1500","","","","","1500","","1500","","","","","","",
"Nauru","NRU","Average precipitation in depth (mm per year)","AG.LND.PRCP.MM","","","","","","","","","","","","","","","","","","","","","","","","","","","","","","","","","285","","","","","285","","","","","285","","","","","285","","","","","285","","","","","","","","",
"New Zealand","NZL","Average precipitation in depth (mm per year)","AG.LND.PRCP.MM","","","1732","","","","","1732","","","","","1732","","","","","1732","","","","","1732","","","","","1732","","","","","1732","","","","","1732","","","","","1732","","","","","1732","","","","","1732","","1732","","","","","","",
"OECD members","OED","Average precipitation in depth (mm per year)","AG.LND.PRCP.MM","","","","","","","","","","","","","","","","","","","","","","","","","","","","","","","","","","","","","","","","","","","","","","","","","","","","","","","","","","","","","",
"Oman","OMN","Average precipitation in depth (mm per year)","AG.LND.PRCP.MM","","","125","","","","","125","","","","","125","","","","","125","","","","","125","","","","","125","","","","","125","","","","","125","","","","","125","","","","","125","","","","","125","","125","","","","","","",
"Other small states","OSS","Average precipitation in depth (mm per year)","AG.LND.PRCP.MM","","","","","","","","","","","","","","","","","","","","","","","","","","","","","","","","","","","","","","","","","","","","","","","","","","","","","","","","","","","","","",
"Pakistan","PAK","Average precipitation in depth (mm per year)","AG.LND.PRCP.MM","","","494","","","","","494","","","","","494","","","","","494","","","","","494","","","","","494","","","","","494","","","","","494","","","","","494","","","","","494","","","","","494","","494","","","","","","",
"Panama","PAN","Average precipitation in depth (mm per year)","AG.LND.PRCP.MM","","","2928","","","","","2928","","","","","2928","","","","","2928","","","","","2928","","","","","2928","","","","","2928","","","","","2928","","","","","2928","","","","","2928","","","","","2928","","2928","","","","","","",
"Peru","PER","Average precipitation in depth (mm per year)","AG.LND.PRCP.MM","","","1738","","","","","1738","","","","","1738","","","","","1738","","","","","1738","","","","","1738","","","","","1738","","","","","1738","","","","","1738","","","","","1738","","","","","1738","","1738","","","","","","",
"Philippines","PHL","Average precipitation in depth (mm per year)","AG.LND.PRCP.MM","","","2348","","","","","2348","","","","","2348","","","","","2348","","","","","2348","","","","","2348","","","","","2348","","","","","2348","","","","","2348","","","","","2348","","","","","2348","","2348","","","","","","",
"Palau","PLW","Average precipitation in depth (mm per year)","AG.LND.PRCP.MM","","","","","","","","","","","","","","","","","","","","","","","","","","","","","","","","","494","","","","","494","","","","","494","","","","","494","","","","","494","","","","","","","","",
"Papua New Guinea","PNG","Average precipitation in depth (mm per year)","AG.LND.PRCP.MM","","","3142","","","","","3142","","","","","3142","","","","","3142","","","","","3142","","","","","3142","","","","","3142","","","","","3142","","","","","3142","","","","","3142","","","","","3142","","3142","","","","","","",
"Poland","POL","Average precipitation in depth (mm per year)","AG.LND.PRCP.MM","","","600","","","","","600","","","","","600","","","","","600","","","","","600","","","","","600","","","","","600","","","","","600","","","","","600","","","","","600","","","","","600","","600","","","","","","",
"Pre-demographic dividend","PRE","Average precipitation in depth (mm per year)","AG.LND.PRCP.MM","","","","","","","","","","","","","","","","","","","","","","","","","","","","","","","","","","","","","","","","","","","","","","","","","","","","","","","","","","","","","",
"Puerto Rico","PRI","Average precipitation in depth (mm per year)","AG.LND.PRCP.MM","","","2054","","","","","2054","","","","","2054","","","","","2054","","","","","2054","","","","","2054","","","","","2054","","","","","2054","","","","","2054","","","","","2054","","","","","2054","","2054","","","","","","",
"Korea, Dem. People’s Rep.","PRK","Average precipitation in depth (mm per year)","AG.LND.PRCP.MM","","","1054","","","","","1054","","","","","1054","","","","","1054","","","","","1054","","","","","1054","","","","","1054","","","","","1054","","","","","1054","","","","","1054","","","","","1054","","1054","","","","","","",
"Portugal","PRT","Average precipitation in depth (mm per year)","AG.LND.PRCP.MM","","","854","","","","","854","","","","","854","","","","","854","","","","","854","","","","","854","","","","","854","","","","","854","","","","","854","","","","","854","","","","","854","","854","","","","","","",
"Paraguay","PRY","Average precipitation in depth (mm per year)","AG.LND.PRCP.MM","","","1130","","","","","1130","","","","","1130","","","","","1130","","","","","1130","","","","","1130","","","","","1130","","","","","1130","","","","","1130","","","","","1130","","","","","1130","","1130","","","","","","",
"West Bank and Gaza","PSE","Average precipitation in depth (mm per year)","AG.LND.PRCP.MM","","","402","","","","","402","","","","","402","","","","","402","","","","","402","","","","","402","","","","","402","","","","","402","","","","","402","","","","","402","","","","","402","","402","","","","","","",
"Pacific island small states","PSS","Average precipitation in depth (mm per year)","AG.LND.PRCP.MM","","","","","","","","","","","","","","","","","","","","","","","","","","","","","","","","","","","","","","","","","","","","","","","","","","","","","","","","","","","","","",
"Post-demographic dividend","PST","Average precipitation in depth (mm per year)","AG.LND.PRCP.MM","","","","","","","","","","","","","","","","","","","","","","","","","","","","","","","","","","","","","","","","","","","","","","","","","","","","","","","","","","","","","",
"French Polynesia","PYF","Average precipitation in depth (mm per year)","AG.LND.PRCP.MM","","","","","","","","","","","","","","","","","","","","","","","","","","","","","","","","","","","","","","","","","","","","","","","","","","","","","","","","","","","","","",
"Qatar","QAT","Average precipitation in depth (mm per year)","AG.LND.PRCP.MM","","","74","","","","","74","","","","","74","","","","","74","","","","","74","","","","","74","","","","","74","","","","","74","","","","","74","","","","","74","","","","","74","","74","","","","","","",
"Romania","ROU","Average precipitation in depth (mm per year)","AG.LND.PRCP.MM","","","637","","","","","637","","","","","637","","","","","637","","","","","637","","","","","637","","","","","637","","","","","637","","","","","637","","","","","637","","","","","637","","637","","","","","","",
"Russian Federation","RUS","Average precipitation in depth (mm per year)","AG.LND.PRCP.MM","","","","","","","","","","","","","","","","","","","","","","","","","","","","","","","","","460","","","","","460","","","","","460","","","","","460","","","","","460","","460","","","","","","",
"Rwanda","RWA","Average precipitation in depth (mm per year)","AG.LND.PRCP.MM","","","1212","","","","","1212","","","","","1212","","","","","1212","","","","","1212","","","","","1212","","","","","1212","","","","","1212","","","","","1212","","","","","1212","","","","","1212","","1212","","","","","","",
"South Asia","SAS","Average precipitation in depth (mm per year)","AG.LND.PRCP.MM","","","","","","","","","","","","","","","","","","","","","","","","","","","","","","","","","","","","","","","","","","","","","","","","","","","","","","","","","","","","","",
"Saudi Arabia","SAU","Average precipitation in depth (mm per year)","AG.LND.PRCP.MM","","","59","","","","","59","","","","","59","","","","","59","","","","","59","","","","","59","","","","","59","","","","","59","","","","","59","","","","","59","","","","","59","","59","","","","","","",
"Sudan","SDN","Average precipitation in depth (mm per year)","AG.LND.PRCP.MM","","","416","","","","","416","","","","","416","","","","","416","","","","","416","","","","","416","","","","","1712","","","","","1712","","","","","1712","","","","","1712","","","","","250","","250","","","","","","",
"Senegal","SEN","Average precipitation in depth (mm per year)","AG.LND.PRCP.MM","","","686","","","","","686","","","","","686","","","","","686","","","","","686","","","","","686","","","","","686","","","","","686","","","","","686","","","","","686","","","","","686","","686","","","","","","",
"Singapore","SGP","Average precipitation in depth (mm per year)","AG.LND.PRCP.MM","","","2497","","","","","2497","","","","","2497","","","","","2497","","","","","2497","","","","","2497","","","","","2497","","","","","2497","","","","","2497","","","","","2497","","","","","2497","","2497","","","","","","",
"Solomon Islands","SLB","Average precipitation in depth (mm per year)","AG.LND.PRCP.MM","","","3028","","","","","3028","","","","","3028","","","","","3028","","","","","3028","","","","","3028","","","","","3028","","","","","3028","","","","","3028","","","","","3028","","","","","3028","","3028","","","","","","",
"Sierra Leone","SLE","Average precipitation in depth (mm per year)","AG.LND.PRCP.MM","","","2526","","","","","2526","","","","","2526","","","","","2526","","","","","2526","","","","","2526","","","","","2526","","","","","2526","","","","","2526","","","","","2526","","","","","2526","","2526","","","","","","",
"El Salvador","SLV","Average precipitation in depth (mm per year)","AG.LND.PRCP.MM","","","1784","","","","","1784","","","","","1784","","","","","1784","","","","","1784","","","","","1784","","","","","1784","","","","","1784","","","","","1784","","","","","1784","","","","","1784","","1784","","","","","","",
"San Marino","SMR","Average precipitation in depth (mm per year)","AG.LND.PRCP.MM","","","","","","","","","","","","","","","","","","","","","","","","","","","","","","","","","","","","","","","","","","","","","","","","","","","","","","","","","","","","","",
"Somalia","SOM","Average precipitation in depth (mm per year)","AG.LND.PRCP.MM","","","282","","","","","282","","","","","282","","","","","282","","","","","282","","","","","282","","","","","282","","","","","282","","","","","282","","","","","282","","","","","282","","282","","","","","","",
"Serbia","SRB","Average precipitation in depth (mm per year)","AG.LND.PRCP.MM","","","","","","","","","","","","","","","","","","","","","","","","","","","","","","","","","686","","","","","686","","","","","686","","","","","686","","","","","686","","","","","","","","",
"Sub-Saharan Africa (excluding high income)","SSA","Average precipitation in depth (mm per year)","AG.LND.PRCP.MM","","","","","","","","","","","","","","","","","","","","","","","","","","","","","","","","","","","","","","","","","","","","","","","","","","","","","","","","","","","","","",
"South Sudan","SSD","Average precipitation in depth (mm per year)","AG.LND.PRCP.MM","","","","","","","","","","","","","","","","","","","","","","","","","","","","","","","","","495","","","","","495","","","","","495","","","","","495","","","","","900","","900","","","","","","",
"Sub-Saharan Africa","SSF","Average precipitation in depth (mm per year)","AG.LND.PRCP.MM","","","","","","","","","","","","","","","","","","","","","","","","","","","","","","","","","","","","","","","","","","","","","","","","","","","","","","","","","","","","","",
"Small states","SST","Average precipitation in depth (mm per year)","AG.LND.PRCP.MM","","","","","","","","","","","","","","","","","","","","","","","","","","","","","","","","","","","","","","","","","","","","","","","","","","","","","","","","","","","","","",
"Sao Tome and Principe","STP","Average precipitation in depth (mm per year)","AG.LND.PRCP.MM","","","3200","","","","","3200","","","","","3200","","","","","3200","","","","","3200","","","","","3200","","","","","3200","","","","","3200","","","","","3200","","","","","3200","","","","","3200","","3200","","","","","","",
"Suriname","SUR","Average precipitation in depth (mm per year)","AG.LND.PRCP.MM","","","2331","","","","","2331","","","","","2331","","","","","2331","","","","","2331","","","","","2331","","","","","2331","","","","","2331","","","","","2331","","","","","2331","","","","","2331","","2331","","","","","","",
"Slovak Republic","SVK","Average precipitation in depth (mm per year)","AG.LND.PRCP.MM","","","","","","","","","","","","","","","","","","","","","","","","","","","","","","","","","2497","","","","","824","","","","","824","","","","","824","","","","","824","","824","","","","","","",
"Slovenia","SVN","Average precipitation in depth (mm per year)","AG.LND.PRCP.MM","","","","","","","","","","","","","","","","","","","","","","","","","","","","","","","","","1162","","","","","1162","","","","","1162","","","","","1162","","","","","1162","","1162","","","","","","",
"Sweden","SWE","Average precipitation in depth (mm per year)","AG.LND.PRCP.MM","","","624","","","","","624","","","","","624","","","","","624","","","","","624","","","","","624","","","","","624","","","","","624","","","","","624","","","","","624","","","","","624","","624","","","","","","",
"Eswatini","SWZ","Average precipitation in depth (mm per year)","AG.LND.PRCP.MM","","","788","","","","","788","","","","","788","","","","","788","","","","","788","","","","","788","","","","","788","","","","","788","","","","","788","","","","","788","","","","","788","","788","","","","","","",
"Sint Maarten (Dutch part)","SXM","Average precipitation in depth (mm per year)","AG.LND.PRCP.MM","","","","","","","","","","","","","","","","","","","","","","","","","","","","","","","","","","","","","","","","","","","","","","","","","","","","","","","","","","","","","",
"Seychelles","SYC","Average precipitation in depth (mm per year)","AG.LND.PRCP.MM","","","2330","","","","","2330","","","","","2330","","","","","2330","","","","","2330","","","","","2330","","","","","2330","","","","","2330","","","","","2330","","","","","2330","","","","","2330","","2330","","","","","","",
"Syrian Arab Republic","SYR","Average precipitation in depth (mm per year)","AG.LND.PRCP.MM","","","252","","","","","252","","","","","252","","","","","252","","","","","252","","","","","252","","","","","252","","","","","252","","","","","252","","","","","252","","","","","252","","252","","","","","","",
"Turks and Caicos Islands","TCA","Average precipitation in depth (mm per year)","AG.LND.PRCP.MM","","","","","","","","","","","","","","","","","","","","","","","","","","","","","","","","","","","","","","","","","","","","","","","","","","","","","","","","","","","","","",
"Chad","TCD","Average precipitation in depth (mm per year)","AG.LND.PRCP.MM","","","322","","","","","322","","","","","322","","","","","322","","","","","322","","","","","322","","","","","322","","","","","322","","","","","322","","","","","322","","","","","322","","322","","","","","","",
"East Asia & Pacific (IDA & IBRD countries)","TEA","Average precipitation in depth (mm per year)","AG.LND.PRCP.MM","","","","","","","","","","","","","","","","","","","","","","","","","","","","","","","","","","","","","","","","","","","","","","","","","","","","","","","","","","","","","",
"Europe & Central Asia (IDA & IBRD countries)","TEC","Average precipitation in depth (mm per year)","AG.LND.PRCP.MM","","","","","","","","","","","","","","","","","","","","","","","","","","","","","","","","","","","","","","","","","","","","","","","","","","","","","","","","","","","","","",
"Togo","TGO","Average precipitation in depth (mm per year)","AG.LND.PRCP.MM","","","1168","","","","","1168","","","","","1168","","","","","1168","","","","","1168","","","","","1168","","","","","1168","","","","","1168","","","","","1168","","","","","1168","","","","","1168","","1168","","","","","","",
"Thailand","THA","Average precipitation in depth (mm per year)","AG.LND.PRCP.MM","","","1622","","","","","1622","","","","","1622","","","","","1622","","","","","1622","","","","","1622","","","","","1622","","","","","1622","","","","","1622","","","","","1622","","","","","1622","","1622","","","","","","",
"Tajikistan","TJK","Average precipitation in depth (mm per year)","AG.LND.PRCP.MM","","","","","","","","","","","","","","","","","","","","","","","","","","","","","","","","","691","","","","","691","","","","","691","","","","","691","","","","","691","","691","","","","","","",
"Turkmenistan","TKM","Average precipitation in depth (mm per year)","AG.LND.PRCP.MM","","","","","","","","","","","","","","","","","","","","","","","","","","","","","","","","","161","","","","","161","","","","","161","","","","","161","","","","","161","","161","","","","","","",
"Latin America & the Caribbean (IDA & IBRD countries)","TLA","Average precipitation in depth (mm per year)","AG.LND.PRCP.MM","","","","","","","","","","","","","","","","","","","","","","","","","","","","","","","","","","","","","","","","","","","","","","","","","","","","","","","","","","","","","",
"Timor-Leste","TLS","Average precipitation in depth (mm per year)","AG.LND.PRCP.MM","","","1500","","","","","1500","","","","","1500","","","","","1500","","","","","1500","","","","","1500","","","","","1500","","","","","1500","","","","","1500","","","","","1500","","","","","1500","","1500","","","","","","",
"Middle East & North Africa (IDA & IBRD countries)","TMN","Average precipitation in depth (mm per year)","AG.LND.PRCP.MM","","","","","","","","","","","","","","","","","","","","","","","","","","","","","","","","","","","","","","","","","","","","","","","","","","","","","","","","","","","","","",
"Tonga","TON","Average precipitation in depth (mm per year)","AG.LND.PRCP.MM","","","","","","","","","","","","","","","","","","","","","","","","","","","","","","","","","","","","","","","","","","","","","","","","","","","","","","","","","","","","","",
"South Asia (IDA & IBRD)","TSA","Average precipitation in depth (mm per year)","AG.LND.PRCP.MM","","","","","","","","","","","","","","","","","","","","","","","","","","","","","","","","","","","","","","","","","","","","","","","","","","","","","","","","","","","","","",
"Sub-Saharan Africa (IDA & IBRD countries)","TSS","Average precipitation in depth (mm per year)","AG.LND.PRCP.MM","","","","","","","","","","","","","","","","","","","","","","","","","","","","","","","","","","","","","","","","","","","","","","","","","","","","","","","","","","","","","",
"Trinidad and Tobago","TTO","Average precipitation in depth (mm per year)","AG.LND.PRCP.MM","","","2200","","","","","2200","","","","","2200","","","","","2200","","","","","2200","","","","","2200","","","","","2200","","","","","2200","","","","","2200","","","","","2200","","","","","2200","","2200","","","","","","",
"Tunisia","TUN","Average precipitation in depth (mm per year)","AG.LND.PRCP.MM","","","207","","","","","207","","","","","207","","","","","207","","","","","207","","","","","207","","","","","207","","","","","207","","","","","207","","","","","207","","","","","207","","207","","","","","","",
"Turkey","TUR","Average precipitation in depth (mm per year)","AG.LND.PRCP.MM","","","593","","","","","593","","","","","593","","","","","593","","","","","593","","","","","593","","","","","593","","","","","593","","","","","593","","","","","593","","","","","593","","593","","","","","","",
"Tuvalu","TUV","Average precipitation in depth (mm per year)","AG.LND.PRCP.MM","","","","","","","","","","","","","","","","","","","","","","","","","","","","","","","","","161","","","","","161","","","","","161","","","","","161","","","","","161","","","","","","","","",
"Tanzania","TZA","Average precipitation in depth (mm per year)","AG.LND.PRCP.MM","","","1071","","","","","1071","","","","","1071","","","","","1071","","","","","1071","","","","","1071","","","","","1071","","","","","1071","","","","","1071","","","","","1071","","","","","1071","","1071","","","","","","",
"Uganda","UGA","Average precipitation in depth (mm per year)","AG.LND.PRCP.MM","","","1180","","","","","1180","","","","","1180","","","","","1180","","","","","1180","","","","","1180","","","","","1180","","","","","1180","","","","","1180","","","","","1180","","","","","1180","","1180","","","","","","",
"Ukraine","UKR","Average precipitation in depth (mm per year)","AG.LND.PRCP.MM","","","","","","","","","","","","","","","","","","","","","","","","","","","","","","","","","565","","","","","565","","","","","565","","","","","565","","","","","565","","565","","","","","","",
"Upper middle income","UMC","Average precipitation in depth (mm per year)","AG.LND.PRCP.MM","","","","","","","","","","","","","","","","","","","","","","","","","","","","","","","","","","","","","","","","","","","","","","","","","","","","","","","","","","","","","",
"Uruguay","URY","Average precipitation in depth (mm per year)","AG.LND.PRCP.MM","","","1300","","","","","1300","","","","","1300","","","","","1300","","","","","1300","","","","","1300","","","","","1300","","","","","1300","","","","","1300","","","","","1300","","","","","1300","","1300","","","","","","",
"United States","USA","Average precipitation in depth (mm per year)","AG.LND.PRCP.MM","","","715","","","","","715","","","","","715","","","","","715","","","","","715","","","","","715","","","","","715","","","","","715","","","","","715","","","","","715","","","","","715","","715","","","","","","",
"Uzbekistan","UZB","Average precipitation in depth (mm per year)","AG.LND.PRCP.MM","","","","","","","","","","","","","","","","","","","","","","","","","","","","","","","","","206","","","","","206","","","","","206","","","","","206","","","","","206","","206","","","","","","",
"St. Vincent and the Grenadines","VCT","Average precipitation in depth (mm per year)","AG.LND.PRCP.MM","","","1583","","","","","1583","","","","","1583","","","","","1583","","","","","1583","","","","","1583","","","","","1583","","","","","1583","","","","","1583","","","","","1583","","","","","1583","","1583","","","","","","",
"Venezuela, RB","VEN","Average precipitation in depth (mm per year)","AG.LND.PRCP.MM","","","2044","","","","","2044","","","","","2044","","","","","2044","","","","","2044","","","","","2044","","","","","2044","","","","","2044","","","","","2044","","","","","2044","","","","","2044","","2044","","","","","","",
"British Virgin Islands","VGB","Average precipitation in depth (mm per year)","AG.LND.PRCP.MM","","","","","","","","","","","","","","","","","","","","","","","","","","","","","","","","","","","","","","","","","","","","","","","","","","","","","","","","","","","","","",
"Virgin Islands (U.S.)","VIR","Average precipitation in depth (mm per year)","AG.LND.PRCP.MM","","","","","","","","","","","","","","","","","","","","","","","","","","","","","","","","","","","","","","","","","","","","","","","","","","","","","","","","","","","","","",
"Vietnam","VNM","Average precipitation in depth (mm per year)","AG.LND.PRCP.MM","","","1821","","","","","1821","","","","","1821","","","","","1821","","","","","1821","","","","","1821","","","","","1821","","","","","1821","","","","","1821","","","","","1821","","","","","1821","","1821","","","","","","",
"Vanuatu","VUT","Average precipitation in depth (mm per year)","AG.LND.PRCP.MM","","","","","","","","","","","","","","","","","","","","","","","","","","","","","","","","","206","","","","","206","","","","","206","","","","","206","","","","","206","","","","","","","","",
"World","WLD","Average precipitation in depth (mm per year)","AG.LND.PRCP.MM","","","","","","","","","","","","","","","","","","","","","","","","","","","","","","","","","","","","","","","","","","","","","","","","","","","","","","","","","","","","","",
"Samoa","WSM","Average precipitation in depth (mm per year)","AG.LND.PRCP.MM","","","","","","","","","","","","","","","","","","","","","","","","","","","","","","","","","1583","","","","","1583","","","","","1583","","","","","1583","","","","","1583","","","","","","","","",
"Kosovo","XKX","Average precipitation in depth (mm per year)","AG.LND.PRCP.MM","","","","","","","","","","","","","","","","","","","","","","","","","","","","","","","","","","","","","","","","","","","","","","","","","","","","","","","","","","","","","",
"Yemen, Rep.","YEM","Average precipitation in depth (mm per year)","AG.LND.PRCP.MM","","","167","","","","","167","","","","","167","","","","","167","","","","","167","","","","","167","","","","","167","","","","","167","","","","","167","","","","","167","","","","","167","","167","","","","","","",
"South Africa","ZAF","Average precipitation in depth (mm per year)","AG.LND.PRCP.MM","","","495","","","","","495","","","","","495","","","","","495","","","","","495","","","","","495","","","","","495","","","","","495","","","","","495","","","","","495","","","","","495","","495","","","","","","",
"Zambia","ZMB","Average precipitation in depth (mm per year)","AG.LND.PRCP.MM","","","1020","","","","","1020","","","","","1020","","","","","1020","","","","","1020","","","","","1020","","","","","1020","","","","","1020","","","","","1020","","","","","1020","","","","","1020","","1020","","","","","","",
"Zimbabwe","ZWE","Average precipitation in depth (mm per year)","AG.LND.PRCP.MM","","","657","","","","","657","","","","","657","","","","","657","","","","","657","","","","","657","","","","","657","","","","","657","","","","","657","","","","","657","","","","","657","","657","","","","","","",
